<application>
  <component name="ProjectManager">
    <defaultProject>
      <component name="ProjectViewState">
        <option name="autoscrollFromSource" value="true" />
        <option name="hideEmptyMiddlePackages" value="true" />
        <option name="showLibraryContents" value="true" />
      </component>
      <component name="PropertiesComponent"><![CDATA[{
  "keyToString": {
    "settings.editor.selected.configurable": "preferences.pluginManager"
  }
}]]></component>
      <component name="VcsDirectoryMappings" defaultProject="true" />
      <component name="WindowStateProjectService">
        <state x="373" y="221" key="SettingsEditor" timestamp="1738070406925">
          <screen x="0" y="38" width="1728" height="1079" />
        </state>
        <state x="373" y="221" key="SettingsEditor/0.38.1728.1079" timestamp="1738070406925" />
      </component>
    </defaultProject>
  </component>
</application>