<application>
  <component name="Trusted.Paths">
    <option name="TRUSTED_PROJECT_PATHS">
      <map>
        <entry key="$USER_HOME$/Downloads/Casablanca 2.1" value="true" />
        <entry key="$USER_HOME$/Downloads/ddd.exam" value="true" />
        <entry key="$USER_HOME$/Downloads/testJava/java-interview" value="true" />
        <entry key="$USER_HOME$/Downloads/thisrecipedoesntexist.ai" value="true" />
        <entry key="$APPLICATION_CONFIG_DIR$/light-edit" value="true" />
        <entry key="$USER_HOME$/code/BoundlessBeds" value="true" />
        <entry key="$USER_HOME$/code/DDD" value="true" />
        <entry key="$USER_HOME$/code/DDD/boundless-beds" value="true" />
        <entry key="$USER_HOME$/code/DDD/boundless-beds-front" value="true" />
        <entry key="$USER_HOME$/code/ForsaJdida" value="true" />
        <entry key="$USER_HOME$/code/boundeless-beds" value="true" />
        <entry key="$USER_HOME$/code/boundeless-beds-front" value="true" />
        <entry key="$USER_HOME$/code/boundless-beds-front" value="true" />
        <entry key="$USER_HOME$/code/cg/gameofdrones" value="true" />
        <entry key="$USER_HOME$/code/cg/uttt" value="true" />
        <entry key="$USER_HOME$/code/courses/projects/zio-tpilot" value="true" />
        <entry key="$USER_HOME$/code/courses/scala-3-advanced" value="true" />
        <entry key="$USER_HOME$/code/courses/scala-3-beginners" value="true" />
        <entry key="$USER_HOME$/code/courses/zio-course" value="true" />
        <entry key="$USER_HOME$/code/flutter_class" value="true" />
        <entry key="$USER_HOME$/code/flutter_class/chat_cli" value="true" />
        <entry key="$USER_HOME$/code/flutter_class/exam" value="true" />
        <entry key="$USER_HOME$/code/flutter_class/guessing_game_cli" value="true" />
        <entry key="$USER_HOME$/code/flutter_class/mini-projects" value="true" />
        <entry key="$USER_HOME$/code/flutter_class/requets_class/my_flutter_app" value="true" />
        <entry key="$USER_HOME$/code/flutter_class/zoo" value="true" />
        <entry key="$USER_HOME$/code/full-stack-scala-web-app" value="true" />
        <entry key="$USER_HOME$/code/investrium.ai/backend" value="true" />
        <entry key="$USER_HOME$/code/investrium.ai/frontend" value="true" />
        <entry key="$USER_HOME$/code/laminar-full-stack-demo" value="true" />
        <entry key="$USER_HOME$/code/markgit" value="true" />
        <entry key="$USER_HOME$/code/mg" value="true" />
        <entry key="$USER_HOME$/code/notes" value="true" />
        <entry key="$USER_HOME$/code/this-recipe-doesnt-exist/client" value="true" />
        <entry key="$USER_HOME$/code/thisrecipedoesntexist" value="true" />
        <entry key="$USER_HOME$/code/thisrecipedoesntexist.ai" value="true" />
        <entry key="$USER_HOME$/code/tmp/thisrecipedoesntexist" value="true" />
        <entry key="$USER_HOME$/code/weatherwander/weatherwander-front" value="true" />
        <entry key="$USER_HOME$/code/well-wise" value="true" />
        <entry key="$USER_HOME$/code/well-wise/appointmentservice" value="true" />
        <entry key="$USER_HOME$/code/well-wise/paymentservice" value="true" />
        <entry key="$USER_HOME$/code/well-wise/registry" value="true" />
        <entry key="$USER_HOME$/code/zio-laminar-demo" value="true" />
      </map>
    </option>
  </component>
</application>