<application>
  <component name="DimensionService">
    <location key="find.popup.0.0.3456.2234@192dpi" x="612" y="372" />
    <size key="GridCell.Tab.0.left.0.0.3456.2234@192dpi" width="3324" height="576" />
    <size key="GridCell.Tab.0.center.0.0.3456.2234@192dpi" width="3324" height="576" />
    <size key="GridCell.Tab.0.right.0.0.3456.2234@192dpi" width="3324" height="576" />
    <size key="GridCell.Tab.0.bottom.0.0.3456.2234@192dpi" width="3324" height="576" />
    <size key="find.popup.0.0.3456.2234@192dpi" width="1320" height="984" />
    <size key="GridCell.Tab.1.left.0.0.3456.2234@192dpi" width="2788" height="788" />
    <size key="GridCell.Tab.1.center.0.0.3456.2234@192dpi" width="2788" height="788" />
    <size key="GridCell.Tab.1.right.0.0.3456.2234@192dpi" width="2788" height="788" />
    <size key="GridCell.Tab.1.bottom.0.0.3456.2234@192dpi" width="2788" height="788" />
    <size key="GridCell.Tab.2.left.0.0.3456.2234@192dpi" width="2326" height="692" />
    <size key="GridCell.Tab.2.center.0.0.3456.2234@192dpi" width="2326" height="692" />
    <size key="GridCell.Tab.2.right.0.0.3456.2234@192dpi" width="2326" height="692" />
    <size key="GridCell.Tab.2.bottom.0.0.3456.2234@192dpi" width="2326" height="692" />
  </component>
  <component name="WindowManager">
    <frame x="10" y="48" width="1708" height="1058" />
  </component>
  <component name="WindowStateApplicationService">
    <state width="389" height="142" key="ShowUsagesActions.dimensionServiceKey" timestamp="1732802364498">
      <screen x="0" y="32" width="1728" height="1085" />
    </state>
    <state width="389" height="142" key="ShowUsagesActions.dimensionServiceKey/0.32.1728.1085" timestamp="1732802364498" />
    <state width="300" height="300" key="Vcs.CompareWithSelectedRevision.Popup" timestamp="1732569268783">
      <screen x="0" y="32" width="1728" height="1085" />
    </state>
    <state width="300" height="300" key="Vcs.CompareWithSelectedRevision.Popup/0.32.1728.1085" timestamp="1732569268783" />
    <state x="864" y="577" width="1708" height="1058" key="WELCOME_SCREEN" timestamp="1738070383957">
      <screen x="0" y="38" width="1728" height="1079" />
    </state>
    <state x="864" y="577" width="1708" height="1058" key="WELCOME_SCREEN/0.38.1728.1079" timestamp="1738070383957" />
  </component>
</application>